Participant,Time to Receive
Participant2,518
Participant3,478
Participant4,486
Participant5,490
Participant6,531
Participant7,583
Participant8,572
Participant9,648
Participant10,720
Participant11,797
Participant12,904
Participant13,1100
Participant14,1332
Participant15,1657
Participant16,2014
Participant17,2724
Participant18,3456
Participant19,4795
Participant20,6851
Participant21,9390
Participant2,489
Participant3,481
Participant4,539
Participant5,519
Participant6,531
Participant7,573
Participant8,622
Participant9,660
Participant10,734
Participant11,868
Participant12,1006
Participant13,1153
Participant14,1388
Participant15,1709
Participant16,2166
Participant17,2759
Participant18,3631
Participant19,4588
Participant20,6773
Participant21,9194
Participant22,12978
Participant23,18988
Participant24,31861
Participant25,44142
Participant26,67043
Participant27,104589
Participant28,178688
Participant2,470
Participant3,510
Participant4,484
Participant5,493
Participant6,525
Participant7,567
Participant8,574
Participant9,659
Participant10,717
Participant11,782
Participant12,897
Participant13,1090
Participant14,1306
Participant15,1641
Participant16,2066
Participant17,2660
Participant18,3459
Participant19,4835
Participant20,6810
Participant2,503
Participant3,510
Participant4,518
Participant5,510
Participant6,552
Participant7,547
Participant8,616
Participant9,675
Participant10,684
Participant11,808
Participant12,938
Participant13,1084
Participant14,1269
Participant15,1628
Participant16,2152
Participant17,2818
Participant2,493
Participant3,475
Participant4,504
Participant5,499
Participant6,514
Participant7,602
Participant8,653
Participant9,601
Participant10,734
Participant11,840
Participant12,881
Participant13,1045
Participant14,1354
Participant15,1626
Participant16,2079
Participant17,2665
Participant18,3481
Participant2,488
Participant3,472
Participant4,532
Participant5,547
Participant2,507
