Participant,Time to Recieve
Participant2,459
Participant3,442
Participant4,496
Participant5,506
Participant6,544
Participant7,551
Participant8,599
Participant9,605
Participant10,692
Participant11,725
Participant12,824
Participant13,1006
Participant14,1170
Participant15,1488
Participant16,1848
Participant17,2366
Participant18,3294
Participant19,4328
Participant20,6148
Participant21,8467
Participant22,13179
Participant23,17613
Participant24,28522
Participant25,56640
Participant26,62376
Participant27,143620
Participant28,167215
Participant29,437018
Participant30,754640
Participant31,942782
Participant2,505
Participant3,519
Participant4,462
Participant5,500
Participant6,532
