Participant,Time to Send
Participant1 to 8102,2663,
Participant2 to 8103,808
Participant2 to 8103,69
Participant3 to 8107,840
Participant7 to 8108,831
Participant1 to 8102,3406,
Participant2 to 8103,1678
Participant2 to 8103,115
Participant3 to 8106,1462
Participant5 to 8106,720
Participant1 to 8102,3303,
Participant2 to 8103,1671
Participant2 to 8103,124
Participant3 to 8106,1602
Participant5 to 8106,899
Participant7 to 8104,1876
Participant4 to 8101,958
Participant1 to 8103,2718
Participant3 to 8101,186
Participant1 to 8103,2754
Participant3 to 8101,464
Participant2 to 8104,1098
Participant1 to 8103,2727
Participant3 to 8102,925
Participant2 to 8103,204
Participant3 to 8101,874
Participant1 to 8102,3064,
Participant2 to 8103,1187
Participant1 to 8104,2080
Participant1 to 8103,2780
Participant3 to 8105,828
Participant2 to 8104,1140
Participant1 to 8103,2652
Participant3 to 8104,731
Participant1 to 8104,2695
Participant4 to 8103,779
Participant3 to 8104,1049
Participant2 to 8104,977
 to 8102,100
Participant2 to 8103,768
Participant2 to 8102,181
Participant2 to 8102,118
Participant2 to 8103,263
Participant2 to 8103,163
Participant3 to 8104,449
Participant3 to 8104,1120
Participant3 to 8102,1046
Participant3 to 8101,794
Participant3 to 8103,137
Participant3 to 8102,97
Participant3 to 8102,81
Participant3 to 8101,95
Participant3 to 8102,81
Participant3 to 8102,78
Participant3 to 8101,133
Participant3 to 8103,78
Participant3 to 8102,97
Participant3 to 8102,84
Participant3 to 8101,92
Participant3 to 8102,88
